lambda_adv,roc_auc,eo_gap_tpr,eo_gap_fpr,tpr_0,tpr_1,fpr_0,fpr_1,selection_rate_0,selection_rate_1,dp_diff,dp_ratio
0.05,0.7691832172539297,0.032913165266106444,0.005433738248894811,0.023809523809523808,0.05672268907563025,0.0016027976103744719,0.0070365358592692825,0.004342827947375144,0.012706784943658594,0.00836395699628345,2.9259240977618566
0.1,0.7649066946493828,0.025575447570332484,0.004330412517792158,0.024844720496894408,0.05042016806722689,0.0018942153577152848,0.0062246278755074425,0.004726018648614127,0.011268280987772716,0.006542262339158589,2.3843073473857457
0.2,0.7646427146107138,0.04171233710875655,0.009327024145675749,0.050724637681159424,0.09243697478991597,0.003934139589100976,0.013261163734776725,0.009707497764720909,0.02229681131623112,0.012589313551510212,2.296864944668072
0.3,0.7503237187411247,0.0,0.0,0.0,0.0,0.0,0.0,0.0,0.0,0.0,
0.5,0.7595896217157507,0.0,0.0,0.0,0.0,0.0,0.0,0.0,0.0,0.0,
0.8,0.7517829982930297,0.02761539398368043,0.003518504534030318,0.020703933747412008,0.04831932773109244,0.0018942153577152848,0.005412719891745603,0.004215097713628816,0.010309278350515464,0.006094180636886648,2.445798188066229
1.2,0.7485860417286824,0.0,0.0,0.0,0.0,0.0,0.0,0.0,0.0,0.0,
2.0,0.7465521343170373,0.015223480696626476,0.0022279064237501916,0.035196687370600416,0.05042016806722689,0.0029141774734081304,0.005142083897158322,0.006897432622301699,0.010309278350515464,0.0034118457282137646,1.4946544482626956
